license_uuid;user_uuid;product_uuid;purchase_date;termination_date
ce26b9ea-71bd-412e-b265-aae1d509a4d7;a802857b-d3d8-40a5-892c-22a136beb9e1;5142862b-bedf-4860-9485-41efe7c49795;3/1/21;
487dd314-b725-4423-8496-49ea0840ba11;cb57ea43-4c86-4666-9526-3a988de5e803;d04791a5-8051-451f-a263-0ee2feb45dbc;4/1/21;
b0513c76-24a2-4c1d-884f-4e791565deed;891d2268-495d-4222-9df9-9108df09e3a7;4fd0e23f-1fcf-49ce-86bb-addc01bebc78;4/1/21;
8364e00b-db53-48fa-b013-65cc78299d56;c32def00-f032-403e-9879-e3b9877c2c8c;4fd0e23f-1fcf-49ce-86bb-addc01bebc78;4/1/21;
8da6e77b-86b3-4375-8232-f614b0db269e;c240f063-26c6-4ff9-8d71-7ad6d410d2cd;85b34e6e-5596-4468-82c7-c509b08bed70;5/1/21;
3f8d722b-f6bf-48a5-b7b1-37681f4a2874;2590673c-ea13-4fc6-a880-d2d2253c8715;b7cda42d-75ce-4ef7-b76e-bc2f817fee28;6/1/21;5/7/21
4b3fc522-372b-439a-9c6f-8df2b89de905;f884ee36-7897-4f1b-a06c-8b85a1bfb6ed;85b34e6e-5596-4468-82c7-c509b08bed70;7/1/21;6/1/22
d91a4419-fa8f-4a73-820d-d60403e1dc20;de3c2233-754e-4a53-afff-70f06f44c79f;15c4ccc0-3c0c-416b-8790-70c2dce441a3;9/1/21;8/3/22
0efa9ef0-769c-4024-8fa0-da4653852f29;247f4164-22b6-4510-88cd-b52edb4d5dd7;15c4ccc0-3c0c-416b-8790-70c2dce441a3;11/1/21;
c8ce47f7-7e39-4e09-b9fc-4f6bdce52ec8;de3c2233-754e-4a53-afff-70f06f44c79f;4fd0e23f-1fcf-49ce-86bb-addc01bebc78;14/1/21;13/5/21
ed7d9cb2-73d4-46ce-9a38-55d66bdc94f5;0c117da0-2dd5-4d54-8221-42e730177ad1;5142862b-bedf-4860-9485-41efe7c49795;14/1/21;
f012dbe8-5277-4972-bb49-ebe3b344a8eb;0c117da0-2dd5-4d54-8221-42e730177ad1;1a5b3582-db8e-49c8-b6e8-d82a8eabf321;15/1/21;14/10/21
3f67fb68-7e15-4dac-8ca5-37d196094c17;413653d2-36a3-49ae-af2a-ec105702af9e;4fd0e23f-1fcf-49ce-86bb-addc01bebc78;16/1/21;
7d397fde-1775-4797-b41b-395f69556c2b;0d054e28-89c4-420f-848b-b9821e4cacaa;5142862b-bedf-4860-9485-41efe7c49795;16/1/21;
c1743dee-c5e0-408f-842c-e78e9b29de46;b4d9b6d0-859e-4192-83ff-79624a718768;85b34e6e-5596-4468-82c7-c509b08bed70;17/1/21;
8721caaa-a8cb-433f-8d30-a15888d9b9dd;746590c1-918a-4040-8a4e-ebe1fc472d7d;4fd0e23f-1fcf-49ce-86bb-addc01bebc78;19/1/21;
1e7eceee-b5ae-4f69-84fe-5e15d56b5d02;8aa2f276-dd65-41cb-ac69-8df20afac7e3;d04791a5-8051-451f-a263-0ee2feb45dbc;20/1/21;
33ac4585-ce2b-47ca-9680-9d798f1f715d;4670f30d-ab03-4854-8a3b-128c2c263d5a;5142862b-bedf-4860-9485-41efe7c49795;26/1/21;
d3953d6b-2ed9-4212-bd17-2dc403c22d59;8a02cae0-38a5-42ff-9f2c-1e66d18f0b68;31251f65-3ce0-4fab-afa7-3ee4a8de3b50;26/1/21;25/7/21
55d90645-4a35-4652-b3b5-d17446fc0b68;446d40c8-7048-4240-8892-e2431421e58b;d04791a5-8051-451f-a263-0ee2feb45dbc;27/1/21;26/9/21
303df43a-a683-4dab-b8b6-56420c870119;c555ac89-3860-46ed-af99-c8721488573c;4fd0e23f-1fcf-49ce-86bb-addc01bebc78;27/1/21;
5913c4e0-3978-4040-baf8-93780bc9e089;782cffae-72d1-4cad-8fba-b4ec126f7eb7;d04791a5-8051-451f-a263-0ee2feb45dbc;29/1/21;28/6/21
69f54185-dc58-4a72-a1ac-92fef4d25a5c;39813d89-b0d1-4712-9b39-84ff1e72cdf2;4fd0e23f-1fcf-49ce-86bb-addc01bebc78;30/1/21;
f5e990ce-6451-4267-8f2b-fd4c76adf8e1;bb552871-0db5-45e0-aa2e-dc8f7cdac54d;b7cda42d-75ce-4ef7-b76e-bc2f817fee28;1/2/21;31/12/21
a59c538b-c07c-459a-b41e-9789f353210e;8899e6c4-922e-4830-839f-ff4d88ae0378;4fd0e23f-1fcf-49ce-86bb-addc01bebc78;2/2/21;
76455411-1cff-45b1-9628-a83c111db3ae;cb57ea43-4c86-4666-9526-3a988de5e803;4fd0e23f-1fcf-49ce-86bb-addc01bebc78;2/2/21;1/12/21
77eb2b87-e349-47ed-a658-3050e79a4b60;092f49ce-a457-4a2f-aa13-731e4d2ace7d;a5e247b3-ac28-46e4-b791-a52837a19e1e;3/2/21;
78afde4d-8b7e-4b58-b50d-f9887745cbca;746590c1-918a-4040-8a4e-ebe1fc472d7d;d04791a5-8051-451f-a263-0ee2feb45dbc;3/2/21;
6f2abd8a-1162-4582-9805-a95cba4d1297;bb552871-0db5-45e0-aa2e-dc8f7cdac54d;85b34e6e-5596-4468-82c7-c509b08bed70;3/2/21;
2f47f35b-51b1-46ba-b972-affddb72adb7;31d7ce50-7ac6-4aff-8360-5c3d95e886e8;15c4ccc0-3c0c-416b-8790-70c2dce441a3;4/2/21;
f2c26ac6-8c75-43fd-b4bb-608afb12a74c;b12598c3-db80-4c6b-9ed0-b2e00d11ac26;d04791a5-8051-451f-a263-0ee2feb45dbc;5/2/21;
a176b94f-ebe8-488e-9423-bcc8048370ab;346e0c0c-3fc1-45ec-a781-f220ed1ef402;d04791a5-8051-451f-a263-0ee2feb45dbc;5/2/21;4/8/21
c5acd82b-a6d1-4215-b9b6-6ff7b3bf5caa;77fc1954-18c5-4435-bb45-a158d5ccc1f8;85b34e6e-5596-4468-82c7-c509b08bed70;6/2/21;
38e1e4e5-39be-439f-a86f-63d07db4b087;ddf65c4c-3d6c-463a-857d-b906db438b01;d04791a5-8051-451f-a263-0ee2feb45dbc;6/2/21;
d57a7b8b-6420-48a4-aefd-43ed7599762f;50f5be89-0f47-456c-8e9e-e8d5e1dc2182;31251f65-3ce0-4fab-afa7-3ee4a8de3b50;7/2/21;6/12/21
b462d88e-e900-4a8b-bb4c-5ffcc5c4399e;79a6745d-5b2c-4950-9da0-538d43afed23;a5e247b3-ac28-46e4-b791-a52837a19e1e;8/2/21;
666ce850-d885-415a-94d6-4627d7a118e0;346e0c0c-3fc1-45ec-a781-f220ed1ef402;85b34e6e-5596-4468-82c7-c509b08bed70;9/2/21;
6b949dec-9c75-4241-93f5-ebf936fe2e2d;8aa2f276-dd65-41cb-ac69-8df20afac7e3;d04791a5-8051-451f-a263-0ee2feb45dbc;10/2/21;9/4/22
6bbfc4dc-aafa-433d-97ab-11aebe51e0af;39813d89-b0d1-4712-9b39-84ff1e72cdf2;4fd0e23f-1fcf-49ce-86bb-addc01bebc78;11/2/21;
5e98bdc9-3409-431c-80e1-d75f4e6b3912;31d7ce50-7ac6-4aff-8360-5c3d95e886e8;85b34e6e-5596-4468-82c7-c509b08bed70;11/2/21;10/10/21
1acfdc39-9b2f-4921-aa0c-7bc3f045ad11;3307ed3b-bda5-4a42-86cb-48479671f7df;15c4ccc0-3c0c-416b-8790-70c2dce441a3;14/2/21;
bf40ea94-529f-4ec0-bb50-28a66e567f77;c76d3780-f40d-4cb1-87f1-a1ff8226f6d4;d04791a5-8051-451f-a263-0ee2feb45dbc;20/2/21;19/2/22
049e39af-8356-49d6-9f07-61dda8333192;40ec41ed-d9c1-46dc-bdfa-a4ffba70fa77;85b34e6e-5596-4468-82c7-c509b08bed70;25/2/21;24/1/22
08d0b78a-b9e5-4595-b86f-ee0739de93db;b4d9b6d0-859e-4192-83ff-79624a718768;d04791a5-8051-451f-a263-0ee2feb45dbc;6/3/21;
0df494dc-b91a-47e6-a33c-df28762df3ea;746590c1-918a-4040-8a4e-ebe1fc472d7d;85b34e6e-5596-4468-82c7-c509b08bed70;12/3/21;11/7/21
b50c1990-1baf-48cd-a32c-2738109b1672;9b087c6a-5fe1-4282-bbbf-e5a2c3e7da36;1a5b3582-db8e-49c8-b6e8-d82a8eabf321;14/3/21;
367ef076-3a96-416e-ac95-87b8604196c2;5ca323a8-9b42-4858-b5e7-284695904824;85b34e6e-5596-4468-82c7-c509b08bed70;17/3/21;16/2/22
08ebf0c3-604d-4b31-9efd-183121da7555;a18b4bae-9a41-4e12-a9f8-968534a834a0;31251f65-3ce0-4fab-afa7-3ee4a8de3b50;20/3/21;
88fddb81-1a94-45aa-94c0-43026d4901ba;de4777da-926c-4785-8b93-f95f22c044c8;a5e247b3-ac28-46e4-b791-a52837a19e1e;20/3/21;
156471f9-d278-43d9-96d8-e6371e28f477;a79757fe-fd46-4602-9d7b-f937450c1b31;d04791a5-8051-451f-a263-0ee2feb45dbc;22/3/21;21/12/21
74eed12f-ccc2-4ef1-9c1d-521b06644f58;79a6745d-5b2c-4950-9da0-538d43afed23;85b34e6e-5596-4468-82c7-c509b08bed70;22/3/21;
6150d3d0-9414-492e-8d21-07e0ed91b877;460276b6-03e0-4965-9993-922e66659a7c;4fd0e23f-1fcf-49ce-86bb-addc01bebc78;23/3/21;
c455b5d1-9944-4106-b1b1-b275a1f31ab3;8899e6c4-922e-4830-839f-ff4d88ae0378;d04791a5-8051-451f-a263-0ee2feb45dbc;23/3/21;22/9/21
ae348889-c572-4cfc-886c-20dbc74df63c;ed0947c6-b84d-451b-a58c-110cd63c925f;584a3ef0-6503-486f-8f3a-62bbcdac3515;24/3/21;
a48f5a4e-7cfb-436c-94b2-81073bcd88d5;ddf65c4c-3d6c-463a-857d-b906db438b01;85b34e6e-5596-4468-82c7-c509b08bed70;26/3/21;25/8/21
be13d915-83f9-43f2-abd5-25b0410e4a10;46766f62-87ba-4879-8148-fbac6eccd3d5;4fd0e23f-1fcf-49ce-86bb-addc01bebc78;26/3/21;25/3/22
4f81f0ac-bd93-42ec-aa7a-2ee654e9e6e2;3b297f49-c31b-4fab-80f3-d0ae6f488353;85b34e6e-5596-4468-82c7-c509b08bed70;30/3/21;
b51b1391-db8c-4826-933c-53599508da22;0fd6ef07-cd52-4881-b3f8-91e01d4b2726;5142862b-bedf-4860-9485-41efe7c49795;1/4/21;
f57c3c47-79ff-472c-a596-4ba8565d143e;b2767ef9-2eb8-4f85-a532-9dfd9aef0058;31251f65-3ce0-4fab-afa7-3ee4a8de3b50;1/4/21;28/2/22
2b8fb8a3-c941-4732-a50b-4aaf809a447c;56147622-3fb0-4295-8927-293e5b63a3b1;15c4ccc0-3c0c-416b-8790-70c2dce441a3;3/4/21;
21e4ee4e-37e2-4fd7-966d-7ceaf0134448;00ea56cb-aa92-4198-b132-d173191a2cf2;5142862b-bedf-4860-9485-41efe7c49795;4/4/21;3/9/21
1155a340-7e3e-4725-b459-21f342866b7b;89ef19ca-2553-441d-a60a-4b537471185e;85b34e6e-5596-4468-82c7-c509b08bed70;7/4/21;6/8/21
6ccf83c7-3371-4911-b21c-9df415609545;f6eb5b15-5015-43f1-8ec3-39195eaa2aa5;d04791a5-8051-451f-a263-0ee2feb45dbc;8/4/21;
137bff6a-5365-4638-94cc-8979482823f8;c32def00-f032-403e-9879-e3b9877c2c8c;4fd0e23f-1fcf-49ce-86bb-addc01bebc78;9/4/21;
d16638cc-ed22-48e1-a327-1ea8ee3aa4d2;39813d89-b0d1-4712-9b39-84ff1e72cdf2;d04791a5-8051-451f-a263-0ee2feb45dbc;11/4/21;
cc17175f-a1ee-4263-a22f-18ab4eef6d1d;40ec41ed-d9c1-46dc-bdfa-a4ffba70fa77;15c4ccc0-3c0c-416b-8790-70c2dce441a3;12/4/21;
c4fca10d-a5c8-4d14-85a8-0e065ab0cf24;3307ed3b-bda5-4a42-86cb-48479671f7df;31251f65-3ce0-4fab-afa7-3ee4a8de3b50;12/4/21;11/11/21
c8ad968a-9135-4297-b1f2-68e79821a4a1;a79757fe-fd46-4602-9d7b-f937450c1b31;b7cda42d-75ce-4ef7-b76e-bc2f817fee28;14/4/21;
3b6c0123-22db-4906-a975-c3f50367d89a;54c1392c-5b67-4ff6-8085-fab7d8425f01;a5e247b3-ac28-46e4-b791-a52837a19e1e;15/4/21;
dba4c5eb-d9df-4953-a948-d24722fc9f32;bdc3cc1c-d506-4790-a9ae-ba7ba3bc5d32;85b34e6e-5596-4468-82c7-c509b08bed70;16/4/21;15/10/21
655648d1-175a-460d-ae6d-758232f87881;2108f7ed-ccd8-44e2-917a-ba6175240bcd;4fd0e23f-1fcf-49ce-86bb-addc01bebc78;19/4/21;18/11/21
018b7595-a994-4336-8446-1b2cd206e594;d620432a-2658-4918-a4b5-a6b327f84866;31251f65-3ce0-4fab-afa7-3ee4a8de3b50;23/4/21;
dec0023d-e3d6-4b94-bca3-68a35b07a80c;5ca323a8-9b42-4858-b5e7-284695904824;85b34e6e-5596-4468-82c7-c509b08bed70;23/4/21;
3f64df92-4cf6-404e-8b18-dded552402f4;9fb5f343-f2a8-4371-a151-abb41343ed60;85b34e6e-5596-4468-82c7-c509b08bed70;28/4/21;
af26cf3a-98fd-4a6b-8c1d-c7e9966e7d48;d0b12511-7598-4bc6-b191-310c163d0197;15c4ccc0-3c0c-416b-8790-70c2dce441a3;30/4/21;29/1/22
9b68fda1-ddd4-4597-a4f5-de42ec6289f6;ab572443-03a9-45f2-8219-dc45d90a8708;1a5b3582-db8e-49c8-b6e8-d82a8eabf321;30/4/21;29/6/22
481c366e-7ade-41ba-9ed5-2d13326690a5;346e0c0c-3fc1-45ec-a781-f220ed1ef402;5142862b-bedf-4860-9485-41efe7c49795;3/5/21;
19dc78e6-2210-4ceb-a003-d539eaadc9d1;4670f30d-ab03-4854-8a3b-128c2c263d5a;85b34e6e-5596-4468-82c7-c509b08bed70;4/5/21;3/3/22
91801dfa-74e9-40ad-9515-cd3b964c3152;891d2268-495d-4222-9df9-9108df09e3a7;a5e247b3-ac28-46e4-b791-a52837a19e1e;6/5/21;
d724dd11-1b41-494a-a193-7a61a2a60934;a3e68c16-71ab-4aa2-9746-bb25f194950e;85b34e6e-5596-4468-82c7-c509b08bed70;7/5/21;6/10/21
d2bd1d60-aa7e-47d3-8c69-ed525e71c1da;4bee4905-d96b-4378-a694-876ccfd7ebfd;d04791a5-8051-451f-a263-0ee2feb45dbc;9/5/21;
8abfa32f-a22d-4d14-b54b-313b7c8c5ff4;a18b4bae-9a41-4e12-a9f8-968534a834a0;31251f65-3ce0-4fab-afa7-3ee4a8de3b50;11/5/21;
cb448c96-b520-4902-9b49-8976dc8960d2;b4d9b6d0-859e-4192-83ff-79624a718768;15c4ccc0-3c0c-416b-8790-70c2dce441a3;14/5/21;
d32c65e6-da30-4d98-be5f-6bb5d24b4b8d;6a6afcd8-92ab-4a81-9c78-8d449985a017;5142862b-bedf-4860-9485-41efe7c49795;14/5/21;
09b0f93e-9bfb-4820-ab72-f713866c98dc;2590673c-ea13-4fc6-a880-d2d2253c8715;85b34e6e-5596-4468-82c7-c509b08bed70;15/5/21;14/12/21
351e95c6-7955-4d92-ae77-3f19cd71a648;de4777da-926c-4785-8b93-f95f22c044c8;5142862b-bedf-4860-9485-41efe7c49795;17/5/21;
264e966a-6147-429d-9646-803fdb01d172;7a1729a3-f8c0-4524-bb8c-73677ae38650;a5e247b3-ac28-46e4-b791-a52837a19e1e;17/5/21;
950b4746-415b-4d86-ae71-ae063f8b1617;bb552871-0db5-45e0-aa2e-dc8f7cdac54d;31251f65-3ce0-4fab-afa7-3ee4a8de3b50;20/5/21;
fafbb68c-1e69-497d-a720-2e0caa942e53;f884ee36-7897-4f1b-a06c-8b85a1bfb6ed;b7cda42d-75ce-4ef7-b76e-bc2f817fee28;20/5/21;19/3/22
219f8222-c5d5-4fad-9a49-0b1eedf5627e;c32def00-f032-403e-9879-e3b9877c2c8c;d04791a5-8051-451f-a263-0ee2feb45dbc;21/5/21;
3c518a1e-e3c5-4cdc-a27a-833987e5e87c;8899e6c4-922e-4830-839f-ff4d88ae0378;85b34e6e-5596-4468-82c7-c509b08bed70;22/5/21;
46fdf4ff-02d4-4d82-88ff-796ce74c7f9c;2590673c-ea13-4fc6-a880-d2d2253c8715;85b34e6e-5596-4468-82c7-c509b08bed70;24/5/21;
1d84c3e3-99cb-4a60-ac84-afd36123a088;b5f278ea-1298-43ff-b901-8c7695c6b55d;b7cda42d-75ce-4ef7-b76e-bc2f817fee28;24/5/21;23/11/21
6aa46f32-420b-42da-ba3b-21912cbe1383;460276b6-03e0-4965-9993-922e66659a7c;d04791a5-8051-451f-a263-0ee2feb45dbc;25/5/21;
26498422-bd11-47a3-92f0-4ee78558a0e0;a802857b-d3d8-40a5-892c-22a136beb9e1;4fd0e23f-1fcf-49ce-86bb-addc01bebc78;26/5/21;
98d91d5c-e5eb-4eaf-9a67-2ed66e8f389f;44716fa1-680a-48c3-a2a8-1d3af9e15261;15c4ccc0-3c0c-416b-8790-70c2dce441a3;26/5/21;25/1/22
9f290e95-36e2-4e4f-a6cf-645e86879380;be08c565-2193-4cda-9073-7f7306809bc3;85b34e6e-5596-4468-82c7-c509b08bed70;27/5/21;
d9c69d83-3d03-422c-96fd-d3eddb250098;0fd6ef07-cd52-4881-b3f8-91e01d4b2726;85b34e6e-5596-4468-82c7-c509b08bed70;28/5/21;
9b412cbf-dc7c-4d24-8204-85c3054f3c6d;537d96e7-7b23-4fc3-bf69-bb1303924ccb;5142862b-bedf-4860-9485-41efe7c49795;29/5/21;
bb3b21e7-c0ca-4c2a-8df6-50e5bb9a03ab;f884ee36-7897-4f1b-a06c-8b85a1bfb6ed;d04791a5-8051-451f-a263-0ee2feb45dbc;30/5/21;
5d01ca7a-74c8-4b1d-acc1-6d49bcfcdf52;c240f063-26c6-4ff9-8d71-7ad6d410d2cd;85b34e6e-5596-4468-82c7-c509b08bed70;31/5/21;28/2/22
76a3b2a0-22b7-40b1-bd3b-3fff937f155b;0fbf0b54-f257-4398-b245-946f3edd4fcc;85b34e6e-5596-4468-82c7-c509b08bed70;1/6/21;
7bb1fb21-17e5-4960-893b-60378a64eba0;bdc3cc1c-d506-4790-a9ae-ba7ba3bc5d32;d04791a5-8051-451f-a263-0ee2feb45dbc;2/6/21;
1906924f-79ba-49ed-ba65-bda04747b427;9e3dccaf-b483-4cd5-8bc6-f2d9df86c959;d04791a5-8051-451f-a263-0ee2feb45dbc;4/6/21;3/7/22
1d6696a4-d9b6-4c90-9b33-863c884a328e;9e3dccaf-b483-4cd5-8bc6-f2d9df86c959;d04791a5-8051-451f-a263-0ee2feb45dbc;5/6/21;4/11/21
7913ac33-7135-4a80-9ac0-aab60bec5313;40ec41ed-d9c1-46dc-bdfa-a4ffba70fa77;d04791a5-8051-451f-a263-0ee2feb45dbc;6/6/21;5/3/22
99cd8bbb-5d0a-47cc-bb31-b74efc4e6aa4;0d054e28-89c4-420f-848b-b9821e4cacaa;85b34e6e-5596-4468-82c7-c509b08bed70;7/6/21;6/6/22
ad673892-0314-4f23-ab24-e92476e2b09c;52a8211c-93b1-4917-9128-1b5d7859aa3a;85b34e6e-5596-4468-82c7-c509b08bed70;9/6/21;
d27a2f70-4609-491d-85fb-7304d2a277ca;073e0359-9126-44e0-aeae-b1a6ddd98c7a;15c4ccc0-3c0c-416b-8790-70c2dce441a3;10/6/21;9/3/22
b29856bb-4822-4d60-85a2-052166b72a53;b07842b0-e77d-4273-9258-4b9b6f084713;15c4ccc0-3c0c-416b-8790-70c2dce441a3;12/6/21;
6c62aaa2-061e-4933-b6e4-09035464be32;3307ed3b-bda5-4a42-86cb-48479671f7df;5142862b-bedf-4860-9485-41efe7c49795;13/6/21;
ebf0bbf8-e99d-4f61-8673-4fa11439e6f3;a802857b-d3d8-40a5-892c-22a136beb9e1;85b34e6e-5596-4468-82c7-c509b08bed70;13/6/21;12/8/22
9c652b93-5351-4985-bc4f-13c1e9618670;de3c2233-754e-4a53-afff-70f06f44c79f;d04791a5-8051-451f-a263-0ee2feb45dbc;16/6/21;
dd78c6c9-5963-4274-9fe0-d9059431393c;0c117da0-2dd5-4d54-8221-42e730177ad1;31251f65-3ce0-4fab-afa7-3ee4a8de3b50;17/6/21;
42611a01-955b-411c-bfca-c31a2edf7fba;00ea56cb-aa92-4198-b132-d173191a2cf2;5142862b-bedf-4860-9485-41efe7c49795;17/6/21;16/12/21
bb84b747-893c-4e1c-a07b-4783a6ef7196;a18b4bae-9a41-4e12-a9f8-968534a834a0;15c4ccc0-3c0c-416b-8790-70c2dce441a3;18/6/21;17/8/22
7c41a191-3247-4ded-9e18-4b74fd375046;56147622-3fb0-4295-8927-293e5b63a3b1;a5e247b3-ac28-46e4-b791-a52837a19e1e;18/6/21;
7b34a3a6-38e8-460a-a2a2-82ba727d44c3;a802857b-d3d8-40a5-892c-22a136beb9e1;b7cda42d-75ce-4ef7-b76e-bc2f817fee28;19/6/21;18/1/22
c003398d-5a88-4be4-a463-b3630a107ec0;7a1729a3-f8c0-4524-bb8c-73677ae38650;4fd0e23f-1fcf-49ce-86bb-addc01bebc78;19/6/21;18/11/21
83af96df-fd56-49f8-99d7-b10b1fb60320;56147622-3fb0-4295-8927-293e5b63a3b1;d04791a5-8051-451f-a263-0ee2feb45dbc;23/6/21;
a67ed7f1-eee5-42ba-96ca-453c84c38a9e;b07842b0-e77d-4273-9258-4b9b6f084713;15c4ccc0-3c0c-416b-8790-70c2dce441a3;24/6/21;
37adee8d-b2fd-4d73-b0fa-861c8c2c2be2;1fff29d7-242c-4d02-a355-71d4a7d52c47;31251f65-3ce0-4fab-afa7-3ee4a8de3b50;28/6/21;
fa62ce15-abbb-46d5-864e-90682f1f1d23;ddf65c4c-3d6c-463a-857d-b906db438b01;31251f65-3ce0-4fab-afa7-3ee4a8de3b50;28/6/21;27/7/22
22e91b31-b701-4c2e-8cd3-1aaba31bb1ae;97930b51-43ed-4f9c-9c00-50649f291fd0;d04791a5-8051-451f-a263-0ee2feb45dbc;30/6/21;29/4/22
147770ad-718f-4972-a868-549e4e33e505;8aa2f276-dd65-41cb-ac69-8df20afac7e3;15c4ccc0-3c0c-416b-8790-70c2dce441a3;2/7/21;1/7/22
c1b0e844-2d90-4931-8583-0df059041146;0d054e28-89c4-420f-848b-b9821e4cacaa;5142862b-bedf-4860-9485-41efe7c49795;3/7/21;
6de958b1-a4be-49ea-b196-65b6d02a4f48;0d054e28-89c4-420f-848b-b9821e4cacaa;d04791a5-8051-451f-a263-0ee2feb45dbc;4/7/21;3/12/21
155d93b9-61b9-4295-a9b4-1b77a3c2cd9d;782cffae-72d1-4cad-8fba-b4ec126f7eb7;d04791a5-8051-451f-a263-0ee2feb45dbc;4/7/21;3/5/22
a254d28e-f66b-47bf-98d6-da02cf2f7e87;c76d3780-f40d-4cb1-87f1-a1ff8226f6d4;15c4ccc0-3c0c-416b-8790-70c2dce441a3;5/7/21;4/12/21
bef2fd89-c928-4c80-ad7c-d3a6cffac4c4;b2767ef9-2eb8-4f85-a532-9dfd9aef0058;85b34e6e-5596-4468-82c7-c509b08bed70;6/7/21;
acacba04-80e5-4c78-9c09-79db0b98c8ac;b5f278ea-1298-43ff-b901-8c7695c6b55d;15c4ccc0-3c0c-416b-8790-70c2dce441a3;7/7/21;
e50dce26-76d1-4823-87b2-f96a01d39766;de4777da-926c-4785-8b93-f95f22c044c8;d04791a5-8051-451f-a263-0ee2feb45dbc;10/7/21;
ba7ccf9f-d0c7-4d4a-a5f9-033943d67a74;de4777da-926c-4785-8b93-f95f22c044c8;a5e247b3-ac28-46e4-b791-a52837a19e1e;12/7/21;11/4/22
199a3b90-dffd-4d20-9a34-0cedf61b8fd7;8a02cae0-38a5-42ff-9f2c-1e66d18f0b68;a5e247b3-ac28-46e4-b791-a52837a19e1e;15/7/21;
fd20be2e-38ed-4d88-8ee1-5ce07337ff09;7a1729a3-f8c0-4524-bb8c-73677ae38650;5142862b-bedf-4860-9485-41efe7c49795;18/7/21;
9363b9ca-f458-4b7a-aa9b-acb4763181f2;ea70ce2e-8be2-4533-8d01-081c5e7521ca;15c4ccc0-3c0c-416b-8790-70c2dce441a3;18/7/21;
2ae5e706-0df7-4406-aae1-18e851d2f2f3;79a6745d-5b2c-4950-9da0-538d43afed23;d04791a5-8051-451f-a263-0ee2feb45dbc;20/7/21;
6564bdc9-d45b-4276-b999-e62cf05fa645;331d9fab-a061-432c-96b7-28f2afb6010e;a5e247b3-ac28-46e4-b791-a52837a19e1e;23/7/21;22/4/22
082ecb42-8f8f-47f7-acdd-df2c3c26f5ef;0c117da0-2dd5-4d54-8221-42e730177ad1;584a3ef0-6503-486f-8f3a-62bbcdac3515;25/7/21;24/1/22
93463c14-ed16-4607-abd1-8af4e94b7b77;31d7ce50-7ac6-4aff-8360-5c3d95e886e8;d04791a5-8051-451f-a263-0ee2feb45dbc;26/7/21;
45d47a69-f450-4dd4-be74-a443f057b437;3b297f49-c31b-4fab-80f3-d0ae6f488353;5142862b-bedf-4860-9485-41efe7c49795;28/7/21;
31cb192d-9c0b-4ffb-bf06-73f4835eb55d;8eaa6f66-21cf-4f89-8571-cfcd5b0447ca;584a3ef0-6503-486f-8f3a-62bbcdac3515;29/7/21;
7214ba03-8189-4d3f-890c-244019c12249;52a8211c-93b1-4917-9128-1b5d7859aa3a;85b34e6e-5596-4468-82c7-c509b08bed70;30/7/21;
41acb4fb-60ed-4a7e-bf93-cb529e10a54c;8aa2f276-dd65-41cb-ac69-8df20afac7e3;4fd0e23f-1fcf-49ce-86bb-addc01bebc78;31/7/21;
099a5d8e-1071-4956-be98-6d60e0404e24;a802857b-d3d8-40a5-892c-22a136beb9e1;15c4ccc0-3c0c-416b-8790-70c2dce441a3;31/7/21;
75509c26-a89b-47e5-9c6c-8d2232eb86e8;782cffae-72d1-4cad-8fba-b4ec126f7eb7;85b34e6e-5596-4468-82c7-c509b08bed70;5/8/21;4/8/22
b1ac9012-bca2-4903-bfc9-c2a02e35b6ae;23252595-1c40-4c3d-8f43-be76abf4588c;5142862b-bedf-4860-9485-41efe7c49795;9/8/21;8/9/22
a0219bb7-0dd3-4b0f-bbf0-c164e517acac;94cf669f-167c-443d-8c10-a2065d921de8;4fd0e23f-1fcf-49ce-86bb-addc01bebc78;10/8/21;
f69f6a32-9c8e-4110-93f1-3fcfc5efeb54;4bee4905-d96b-4378-a694-876ccfd7ebfd;d04791a5-8051-451f-a263-0ee2feb45dbc;11/8/21;
f90e2883-c21c-406b-b6de-c2f1d00b9879;97930b51-43ed-4f9c-9c00-50649f291fd0;a5e247b3-ac28-46e4-b791-a52837a19e1e;15/8/21;14/6/22
e282b84c-caff-4ffd-9488-881b35e85442;1ea53ba4-9844-4e57-9c0d-01408c05ccd2;a5e247b3-ac28-46e4-b791-a52837a19e1e;16/8/21;
3ae2d9f6-94c5-4f28-8c6c-f699281c8ae1;89ef19ca-2553-441d-a60a-4b537471185e;15c4ccc0-3c0c-416b-8790-70c2dce441a3;17/8/21;
55834603-248d-43f9-8afe-765ebdcd37bb;0d054e28-89c4-420f-848b-b9821e4cacaa;31251f65-3ce0-4fab-afa7-3ee4a8de3b50;17/8/21;16/4/22
b7fb7b9d-e993-4128-bab2-c3af738ff55d;79a6745d-5b2c-4950-9da0-538d43afed23;584a3ef0-6503-486f-8f3a-62bbcdac3515;19/8/21;18/12/21
319a1394-c2bb-4342-bbe2-ff6fb5e076eb;3949fe14-79d2-41ac-bf11-2765bdc28b60;d04791a5-8051-451f-a263-0ee2feb45dbc;20/8/21;
9ae1e71f-3aba-49dc-a6a8-2a7b5fbe02a9;04cf8b07-248b-40b0-93aa-dd558a2d9a5e;d04791a5-8051-451f-a263-0ee2feb45dbc;20/8/21;
1452bd8d-29b4-487c-be3d-b1ffa1e5158c;c32def00-f032-403e-9879-e3b9877c2c8c;1a5b3582-db8e-49c8-b6e8-d82a8eabf321;21/8/21;
d8eed91c-5bfb-4713-a950-e61bb801a9f6;4670f30d-ab03-4854-8a3b-128c2c263d5a;85b34e6e-5596-4468-82c7-c509b08bed70;21/8/21;20/7/22
0d7b58a1-aa36-4cfd-bac9-b3409c0a44f5;5ca323a8-9b42-4858-b5e7-284695904824;4fd0e23f-1fcf-49ce-86bb-addc01bebc78;23/8/21;22/3/22
b31eb22c-4a41-46e1-8362-576874a20b3b;d23b0eb7-f5e3-455d-b2cd-c84c7ffb4418;d04791a5-8051-451f-a263-0ee2feb45dbc;27/8/21;
861ee12e-5d0e-4daf-ad35-6f57dc873f89;c32def00-f032-403e-9879-e3b9877c2c8c;85b34e6e-5596-4468-82c7-c509b08bed70;28/8/21;
27bef7bd-d766-4e51-89db-901cfb245f68;52a8211c-93b1-4917-9128-1b5d7859aa3a;15c4ccc0-3c0c-416b-8790-70c2dce441a3;29/8/21;
5d8bd39c-1c6e-4ff1-9141-9fe83a73b14f;f8e1db2a-bffc-4499-857e-0457062a4f0e;85b34e6e-5596-4468-82c7-c509b08bed70;29/8/21;
20049bec-ede2-4621-ad09-89f74f374280;2108f7ed-ccd8-44e2-917a-ba6175240bcd;1a5b3582-db8e-49c8-b6e8-d82a8eabf321;2/9/21;1/8/22
d68f425a-7fdd-4107-b119-31bc05e53d62;d23b0eb7-f5e3-455d-b2cd-c84c7ffb4418;584a3ef0-6503-486f-8f3a-62bbcdac3515;6/9/21;
b8a9a09e-a795-4f9f-a6d5-8df58d145fd3;0fd6ef07-cd52-4881-b3f8-91e01d4b2726;85b34e6e-5596-4468-82c7-c509b08bed70;7/9/21;6/10/22
1b327d77-6524-4207-827f-66a79498b75b;4bee4905-d96b-4378-a694-876ccfd7ebfd;15c4ccc0-3c0c-416b-8790-70c2dce441a3;11/9/21;10/4/22
248fb29b-9a43-44e0-88b8-57193d4dc687;50f5be89-0f47-456c-8e9e-e8d5e1dc2182;5142862b-bedf-4860-9485-41efe7c49795;12/9/21;
b8c1812c-ccad-48f7-b09e-4d66933bd1bc;b4d9b6d0-859e-4192-83ff-79624a718768;5142862b-bedf-4860-9485-41efe7c49795;12/9/21;
d8544fdc-3e22-447a-813b-55905ae857a1;39813d89-b0d1-4712-9b39-84ff1e72cdf2;b7cda42d-75ce-4ef7-b76e-bc2f817fee28;14/9/21;
d6748477-1046-44d6-99e9-bf8604e8719e;460276b6-03e0-4965-9993-922e66659a7c;d04791a5-8051-451f-a263-0ee2feb45dbc;15/9/21;
1409c6be-995c-45f3-9825-f996fc10f406;247f4164-22b6-4510-88cd-b52edb4d5dd7;a5e247b3-ac28-46e4-b791-a52837a19e1e;15/9/21;
512d4cbf-efc4-4167-8f90-589f421d7e00;b4d9b6d0-859e-4192-83ff-79624a718768;4fd0e23f-1fcf-49ce-86bb-addc01bebc78;15/9/21;14/11/22
43d64e3d-e237-4a5a-b46c-5e003eba6314;3949fe14-79d2-41ac-bf11-2765bdc28b60;4fd0e23f-1fcf-49ce-86bb-addc01bebc78;18/9/21;
402693d1-472a-4613-9a5d-bc9940dd61c0;47110700-84ca-47cf-9b3c-e1a2f95b5d3e;1a5b3582-db8e-49c8-b6e8-d82a8eabf321;20/9/21;19/4/22
4606235f-8c58-4780-9bb2-43c195473f6e;23252595-1c40-4c3d-8f43-be76abf4588c;85b34e6e-5596-4468-82c7-c509b08bed70;23/9/21;
48307594-6cbc-46c7-8c4c-5c282bd8a9ca;bdc3cc1c-d506-4790-a9ae-ba7ba3bc5d32;4fd0e23f-1fcf-49ce-86bb-addc01bebc78;25/9/21;
f83a3c30-c16f-42d1-b6bb-0a676af27d3a;f6eb5b15-5015-43f1-8ec3-39195eaa2aa5;d04791a5-8051-451f-a263-0ee2feb45dbc;26/9/21;25/5/22
fb6f2f07-3803-493c-aeff-c6a0482b5cbc;39813d89-b0d1-4712-9b39-84ff1e72cdf2;15c4ccc0-3c0c-416b-8790-70c2dce441a3;28/9/21;
60621b6d-4946-4b5c-a705-4ce255f374d1;2742e81c-f207-49e1-a18e-895ff5f415c4;15c4ccc0-3c0c-416b-8790-70c2dce441a3;29/9/21;28/3/22
5e8c04c9-62c5-4d2a-acbf-bb37cc2c5cbf;a3e68c16-71ab-4aa2-9746-bb25f194950e;b7cda42d-75ce-4ef7-b76e-bc2f817fee28;4/10/21;
b9c3c65d-385c-4dca-b7c7-02fc2ce86f2c;39813d89-b0d1-4712-9b39-84ff1e72cdf2;b7cda42d-75ce-4ef7-b76e-bc2f817fee28;4/10/21;3/12/22
b5187c7c-dcd8-4195-99aa-dcab2dd5854a;2590673c-ea13-4fc6-a880-d2d2253c8715;15c4ccc0-3c0c-416b-8790-70c2dce441a3;6/10/21;5/11/22
845a67e9-40af-4377-b99e-1c85844b1620;2742e81c-f207-49e1-a18e-895ff5f415c4;5142862b-bedf-4860-9485-41efe7c49795;6/10/21;5/9/22
03b3c5b1-2692-4579-87c8-20dc1a6aa664;be08c565-2193-4cda-9073-7f7306809bc3;85b34e6e-5596-4468-82c7-c509b08bed70;8/10/21;
134d2a3f-c6a5-4aee-aa39-6e6442916d9e;1ea53ba4-9844-4e57-9c0d-01408c05ccd2;15c4ccc0-3c0c-416b-8790-70c2dce441a3;8/10/21;7/8/22
dfd59166-aeae-4ae5-be97-ea490ee7f41e;247f4164-22b6-4510-88cd-b52edb4d5dd7;85b34e6e-5596-4468-82c7-c509b08bed70;14/10/21;13/4/22
e1251aec-2b0a-4530-81b5-95f2dcc41ab2;2742e81c-f207-49e1-a18e-895ff5f415c4;4fd0e23f-1fcf-49ce-86bb-addc01bebc78;17/10/21;
5c615d65-9d4c-4fe3-b9b1-3b5fced66cbe;ddf65c4c-3d6c-463a-857d-b906db438b01;d04791a5-8051-451f-a263-0ee2feb45dbc;17/10/21;
d12e1ef3-2907-4f50-ab20-24513ca36c5b;3307ed3b-bda5-4a42-86cb-48479671f7df;85b34e6e-5596-4468-82c7-c509b08bed70;19/10/21;
a10a0300-ac39-4671-9a67-b364976bf0c3;b12598c3-db80-4c6b-9ed0-b2e00d11ac26;5142862b-bedf-4860-9485-41efe7c49795;20/10/21;19/12/22
9ecb7304-a33c-4c9f-993f-e203d5198b95;904d39fe-4dd1-482b-8c92-4ce549f6e6d4;d04791a5-8051-451f-a263-0ee2feb45dbc;21/10/21;
638a083a-8bc8-4141-9d31-d714ddfe99a2;7a1729a3-f8c0-4524-bb8c-73677ae38650;15c4ccc0-3c0c-416b-8790-70c2dce441a3;22/10/21;21/11/22
f56f6db5-6c9f-4b4c-a1f5-8907f102ddd0;b4d9b6d0-859e-4192-83ff-79624a718768;d04791a5-8051-451f-a263-0ee2feb45dbc;22/10/21;
6202801b-7773-456a-9ad9-f47d62266a98;8aa2f276-dd65-41cb-ac69-8df20afac7e3;d04791a5-8051-451f-a263-0ee2feb45dbc;23/10/21;
19f00f4c-ecaf-40fb-a74a-5d40cc9d0794;a3e68c16-71ab-4aa2-9746-bb25f194950e;a5e247b3-ac28-46e4-b791-a52837a19e1e;26/10/21;
02e7bc67-f395-4d7b-8701-550364129b10;79a6745d-5b2c-4950-9da0-538d43afed23;d04791a5-8051-451f-a263-0ee2feb45dbc;26/10/21;25/4/22
bb88856f-a833-409c-8a8d-00e031fe6b88;9fb5f343-f2a8-4371-a151-abb41343ed60;a5e247b3-ac28-46e4-b791-a52837a19e1e;27/10/21;26/6/22
5539b025-5a26-4ac8-a659-226898d82386;c240f063-26c6-4ff9-8d71-7ad6d410d2cd;5142862b-bedf-4860-9485-41efe7c49795;30/10/21;
0a23f052-87e5-416d-90f2-06ea60b96b98;39813d89-b0d1-4712-9b39-84ff1e72cdf2;31251f65-3ce0-4fab-afa7-3ee4a8de3b50;2/11/21;1/12/22
e432971b-01ad-413c-a1e0-13131696f18f;a79757fe-fd46-4602-9d7b-f937450c1b31;4fd0e23f-1fcf-49ce-86bb-addc01bebc78;4/11/21;
ed836884-a44b-4348-99ea-517ed1385a81;2108f7ed-ccd8-44e2-917a-ba6175240bcd;4fd0e23f-1fcf-49ce-86bb-addc01bebc78;7/11/21;
9f96e296-8ed4-49ea-8ee0-c85d3a3468cd;f70d92cb-73d3-47d9-8600-daa159f36bab;d04791a5-8051-451f-a263-0ee2feb45dbc;7/11/21;6/6/22
2f36a40c-44d2-4999-adc3-f55d4fe7c448;011792f7-7f11-45c7-87f5-5ed1ccceb74c;d04791a5-8051-451f-a263-0ee2feb45dbc;8/11/21;7/4/22
b9554a53-c24b-47b1-94f7-46496ca6bc97;3e02834a-9aa2-4774-bf5d-b052bc055232;85b34e6e-5596-4468-82c7-c509b08bed70;9/11/21;
35c0b7fe-3936-4a77-983e-583935325833;2af32fae-4e59-4fe0-a193-c474c3732b2e;a5e247b3-ac28-46e4-b791-a52837a19e1e;10/11/21;
3bb81ae1-f7aa-42bd-88fc-e2826445aea1;ddf65c4c-3d6c-463a-857d-b906db438b01;15c4ccc0-3c0c-416b-8790-70c2dce441a3;11/11/21;10/11/22
4d75e48e-b4f4-4fa9-af8d-a084969dd303;0fd6ef07-cd52-4881-b3f8-91e01d4b2726;4fd0e23f-1fcf-49ce-86bb-addc01bebc78;11/11/21;10/3/22
ee0f4b7b-eb95-43ba-a2a7-5a719391f020;50f5be89-0f47-456c-8e9e-e8d5e1dc2182;d04791a5-8051-451f-a263-0ee2feb45dbc;12/11/21;
1244772b-7a74-48b2-866e-a10aebcf2097;1ea53ba4-9844-4e57-9c0d-01408c05ccd2;5142862b-bedf-4860-9485-41efe7c49795;13/11/21;
a3361eed-01d1-4ae4-ac64-00f58c5a1bbc;46766f62-87ba-4879-8148-fbac6eccd3d5;85b34e6e-5596-4468-82c7-c509b08bed70;14/11/21;
3f542e33-ea16-4f0e-a4b2-86691fadc80f;7a1729a3-f8c0-4524-bb8c-73677ae38650;b7cda42d-75ce-4ef7-b76e-bc2f817fee28;14/11/21;13/7/22
e3b3d5e9-6147-44a8-a4e9-acb7e04c9467;23252595-1c40-4c3d-8f43-be76abf4588c;15c4ccc0-3c0c-416b-8790-70c2dce441a3;17/11/21;16/10/22
b2b3e2d4-7237-4650-894b-7149ec1ec53d;e3312588-af23-472c-bc32-915770bc938e;584a3ef0-6503-486f-8f3a-62bbcdac3515;18/11/21;
79dc161b-63d7-4c70-8892-58721d1e70b1;537d96e7-7b23-4fc3-bf69-bb1303924ccb;85b34e6e-5596-4468-82c7-c509b08bed70;19/11/21;18/6/22
9e1ce74b-ed70-4a51-9e21-3dcf60b8a4ca;3949fe14-79d2-41ac-bf11-2765bdc28b60;d04791a5-8051-451f-a263-0ee2feb45dbc;21/11/21;
fc854cf3-fcc2-40b6-abd2-656b4cfe704f;0525492d-f0fc-4d4f-8861-502b1693420e;a5e247b3-ac28-46e4-b791-a52837a19e1e;21/11/21;20/12/22
8fee147b-d532-4dbc-a9a2-5e9fadc65346;460276b6-03e0-4965-9993-922e66659a7c;d04791a5-8051-451f-a263-0ee2feb45dbc;23/11/21;
70f0b02b-3826-4310-8012-333d597e2ed8;d620432a-2658-4918-a4b5-a6b327f84866;584a3ef0-6503-486f-8f3a-62bbcdac3515;24/11/21;
1d195aae-5761-4a28-add2-bd97fbfe1ae5;331d9fab-a061-432c-96b7-28f2afb6010e;584a3ef0-6503-486f-8f3a-62bbcdac3515;25/11/21;
0751e7a2-6aee-4210-858a-1b1d1a6abfcd;f884ee36-7897-4f1b-a06c-8b85a1bfb6ed;5142862b-bedf-4860-9485-41efe7c49795;25/11/21;
4b98fe15-451d-45fd-ae0b-3e3d6319a205;39813d89-b0d1-4712-9b39-84ff1e72cdf2;85b34e6e-5596-4468-82c7-c509b08bed70;26/11/21;
2256b616-8699-4b61-a9ce-b40e08d65836;bdc3cc1c-d506-4790-a9ae-ba7ba3bc5d32;d04791a5-8051-451f-a263-0ee2feb45dbc;26/11/21;25/3/22
e67dc01d-d277-4e7e-8f91-3718c801b08f;d685a634-d955-4010-9a05-1208d2ac7c15;31251f65-3ce0-4fab-afa7-3ee4a8de3b50;3/12/21;2/10/22
465d6d2c-ba85-47cb-8f0e-633c4d1afcc9;47110700-84ca-47cf-9b3c-e1a2f95b5d3e;31251f65-3ce0-4fab-afa7-3ee4a8de3b50;3/12/21;2/9/22
fc7a6a39-b840-488e-b6ae-ea74f2d89037;3307ed3b-bda5-4a42-86cb-48479671f7df;b7cda42d-75ce-4ef7-b76e-bc2f817fee28;6/12/21;
2f27dbf6-3b32-417b-b08d-0854c27ab52f;e3312588-af23-472c-bc32-915770bc938e;d04791a5-8051-451f-a263-0ee2feb45dbc;6/12/21;
543baa7a-5665-41f9-9239-375f4096b9f9;d620432a-2658-4918-a4b5-a6b327f84866;d04791a5-8051-451f-a263-0ee2feb45dbc;8/12/21;
a6227a3d-baa9-453b-89f0-6ca0053619ab;d23b0eb7-f5e3-455d-b2cd-c84c7ffb4418;15c4ccc0-3c0c-416b-8790-70c2dce441a3;8/12/21;7/7/22
9a0474f5-5f5c-4afc-9c8a-5e8091c1c3d0;9e3dccaf-b483-4cd5-8bc6-f2d9df86c959;a5e247b3-ac28-46e4-b791-a52837a19e1e;12/12/21;
dc1388b6-f7c7-4f6f-b7b3-1142d5fd783c;e3312588-af23-472c-bc32-915770bc938e;d04791a5-8051-451f-a263-0ee2feb45dbc;13/12/21;12/4/22
bff818ab-5e99-4fde-a757-f48d5befe84f;56147622-3fb0-4295-8927-293e5b63a3b1;5142862b-bedf-4860-9485-41efe7c49795;14/12/21;
dfa004bb-0df7-494d-bc59-91f7b2e80253;39813d89-b0d1-4712-9b39-84ff1e72cdf2;d04791a5-8051-451f-a263-0ee2feb45dbc;15/12/21;14/8/22
4a0e07ec-0abd-4fd8-8413-8ed94b0da4de;04cf8b07-248b-40b0-93aa-dd558a2d9a5e;15c4ccc0-3c0c-416b-8790-70c2dce441a3;16/12/21;
25a0b9e6-68d0-4d32-9588-585f10ea8d6a;44716fa1-680a-48c3-a2a8-1d3af9e15261;d04791a5-8051-451f-a263-0ee2feb45dbc;17/12/21;16/9/22
2236fe50-ed2e-414d-8811-12de0e6a8c8f;2ddfb92b-93a4-45e5-b99c-cfafd825087d;d04791a5-8051-451f-a263-0ee2feb45dbc;18/12/21;
941567d9-bc14-45df-826d-51dd6cc18fb4;f8e1db2a-bffc-4499-857e-0457062a4f0e;5142862b-bedf-4860-9485-41efe7c49795;19/12/21;
4e65a4a4-1fb6-4980-b574-f7d3695aaeff;331d9fab-a061-432c-96b7-28f2afb6010e;5142862b-bedf-4860-9485-41efe7c49795;21/12/21;20/7/22
9dc2a656-b607-4981-93e5-d43a7eecc196;2af32fae-4e59-4fe0-a193-c474c3732b2e;4fd0e23f-1fcf-49ce-86bb-addc01bebc78;23/12/21;
0002219f-5358-4275-b235-d2b54baade44;40ec41ed-d9c1-46dc-bdfa-a4ffba70fa77;5142862b-bedf-4860-9485-41efe7c49795;24/12/21;23/8/22
0920e688-6ad9-478e-9d3e-446b347c72ae;446d40c8-7048-4240-8892-e2431421e58b;a5e247b3-ac28-46e4-b791-a52837a19e1e;24/12/21;
f972afbd-4f1a-48f5-a90b-bb8f480e4bf5;d151dcff-b3f4-449e-b3be-f67f002b13f1;a5e247b3-ac28-46e4-b791-a52837a19e1e;25/12/21;
5d63dbfe-c151-4767-8e7b-7b41234d1065;ddf65c4c-3d6c-463a-857d-b906db438b01;d04791a5-8051-451f-a263-0ee2feb45dbc;28/12/21;
06ff29f1-3ce7-4a90-90a8-71c6ad458ad1;40ec41ed-d9c1-46dc-bdfa-a4ffba70fa77;5142862b-bedf-4860-9485-41efe7c49795;29/12/21;
5ffedd43-53b0-4c48-bc18-19297b0e6df4;2108f7ed-ccd8-44e2-917a-ba6175240bcd;31251f65-3ce0-4fab-afa7-3ee4a8de3b50;29/12/21;
d244a305-3c79-42a3-9652-fe66275c74a1;3b297f49-c31b-4fab-80f3-d0ae6f488353;a5e247b3-ac28-46e4-b791-a52837a19e1e;31/12/21;30/10/22
de941192-0ba7-44d6-9674-c52d12452d50;cb57ea43-4c86-4666-9526-3a988de5e803;a5e247b3-ac28-46e4-b791-a52837a19e1e;1/1/22;
dc0ceadd-bc3a-4b20-af46-0f0dd8d7a79e;b07842b0-e77d-4273-9258-4b9b6f084713;15c4ccc0-3c0c-416b-8790-70c2dce441a3;2/1/22;
d7069bb5-9b22-42c3-bd60-7f616ad49ffa;446d40c8-7048-4240-8892-e2431421e58b;31251f65-3ce0-4fab-afa7-3ee4a8de3b50;4/1/22;
fd09a9d7-3f73-44de-a189-1fc48d0356ee;23252595-1c40-4c3d-8f43-be76abf4588c;5142862b-bedf-4860-9485-41efe7c49795;5/1/22;
f82c6eac-4e56-4a23-9888-5a96eb47391a;7a1729a3-f8c0-4524-bb8c-73677ae38650;31251f65-3ce0-4fab-afa7-3ee4a8de3b50;6/1/22;5/8/22
50e637b9-1937-42b5-8e85-a9041a06625e;56147622-3fb0-4295-8927-293e5b63a3b1;5142862b-bedf-4860-9485-41efe7c49795;8/1/22;7/11/22
6e24a5dd-3896-4e1d-ad17-b9f8da489702;56147622-3fb0-4295-8927-293e5b63a3b1;5142862b-bedf-4860-9485-41efe7c49795;9/1/22;
e99a2ac8-efed-4b92-ac12-f022fb5ddf13;413653d2-36a3-49ae-af2a-ec105702af9e;15c4ccc0-3c0c-416b-8790-70c2dce441a3;10/1/22;
619e1689-86d4-40e6-84b3-754f923e368b;2590673c-ea13-4fc6-a880-d2d2253c8715;5142862b-bedf-4860-9485-41efe7c49795;12/1/22;
924a40a5-4e4d-4cd8-b1f8-3ea9828e46c9;0fd6ef07-cd52-4881-b3f8-91e01d4b2726;a5e247b3-ac28-46e4-b791-a52837a19e1e;13/1/22;
5fd870ec-5a06-4bdf-b4be-b9b46cac9998;56147622-3fb0-4295-8927-293e5b63a3b1;5142862b-bedf-4860-9485-41efe7c49795;14/1/22;
d8638be7-5081-4ed0-bf8e-56d50a6beb2b;56147622-3fb0-4295-8927-293e5b63a3b1;5142862b-bedf-4860-9485-41efe7c49795;16/1/22;
4113b149-86a1-4a68-b67c-b316488a5ce1;bdc3cc1c-d506-4790-a9ae-ba7ba3bc5d32;85b34e6e-5596-4468-82c7-c509b08bed70;16/1/22;
28356155-d4d3-45af-9782-268bb6835071;97930b51-43ed-4f9c-9c00-50649f291fd0;4fd0e23f-1fcf-49ce-86bb-addc01bebc78;20/1/22;
3a6fb760-9eae-404d-89a2-7fde4051d612;04cf8b07-248b-40b0-93aa-dd558a2d9a5e;a5e247b3-ac28-46e4-b791-a52837a19e1e;26/1/22;
81df4d4d-805f-4911-b6cd-370cae0889f4;f6eb5b15-5015-43f1-8ec3-39195eaa2aa5;4fd0e23f-1fcf-49ce-86bb-addc01bebc78;26/1/22;
7bc944f0-1543-4095-9225-259345ee4874;e3312588-af23-472c-bc32-915770bc938e;1a5b3582-db8e-49c8-b6e8-d82a8eabf321;26/1/22;25/6/22
289a3bf7-cf45-4d07-931f-a0ab7f890497;782cffae-72d1-4cad-8fba-b4ec126f7eb7;a5e247b3-ac28-46e4-b791-a52837a19e1e;1/2/22;31/8/22
faf91706-ad61-4218-885a-ea76ac607a9c;904d39fe-4dd1-482b-8c92-4ce549f6e6d4;85b34e6e-5596-4468-82c7-c509b08bed70;2/2/22;
1ea65603-bad0-4398-9e9d-a10660c0367c;b5f278ea-1298-43ff-b901-8c7695c6b55d;5142862b-bedf-4860-9485-41efe7c49795;2/2/22;
96441fe4-c378-415d-b5cd-64696b44fa91;891d2268-495d-4222-9df9-9108df09e3a7;4fd0e23f-1fcf-49ce-86bb-addc01bebc78;4/2/22;3/10/22
1dfa2006-67df-46f1-bfd5-2a11b5067e2c;ed5c9348-e8c7-446f-b243-cd03fbeb5fe6;d04791a5-8051-451f-a263-0ee2feb45dbc;6/2/22;
7a0ffa0a-d3fe-45a7-badd-cc080f399ed3;3b297f49-c31b-4fab-80f3-d0ae6f488353;a5e247b3-ac28-46e4-b791-a52837a19e1e;9/2/22;
6ccd53be-d5e0-4246-99d8-466020570264;40ec41ed-d9c1-46dc-bdfa-a4ffba70fa77;4fd0e23f-1fcf-49ce-86bb-addc01bebc78;9/2/22;8/12/22
755bad35-a5db-40dc-8b31-33fe700b4f03;9b087c6a-5fe1-4282-bbbf-e5a2c3e7da36;1a5b3582-db8e-49c8-b6e8-d82a8eabf321;11/2/22;
4aa5b83b-f599-4bb5-882f-0a95d9159dd9;4bee4905-d96b-4378-a694-876ccfd7ebfd;1a5b3582-db8e-49c8-b6e8-d82a8eabf321;15/2/22;
ac9b793e-40a9-4b92-b175-9f01e6b274cd;3949fe14-79d2-41ac-bf11-2765bdc28b60;85b34e6e-5596-4468-82c7-c509b08bed70;15/2/22;
6578e2dc-bf7c-45af-a2c8-1b8e138d8d37;782cffae-72d1-4cad-8fba-b4ec126f7eb7;85b34e6e-5596-4468-82c7-c509b08bed70;16/2/22;15/10/22
0b5dd88c-5033-404c-8463-47dacc34a01a;c240f063-26c6-4ff9-8d71-7ad6d410d2cd;a5e247b3-ac28-46e4-b791-a52837a19e1e;16/2/22;15/8/22
a65384d8-f71f-48db-a27b-731dd12e2b2d;156b7f4f-c90c-4973-9714-7d160e28444c;a5e247b3-ac28-46e4-b791-a52837a19e1e;17/2/22;16/7/22
51b97845-6c9c-497c-b90f-f4a87296d8f8;2742e81c-f207-49e1-a18e-895ff5f415c4;85b34e6e-5596-4468-82c7-c509b08bed70;18/2/22;
0da8b79c-da97-4cd5-86cb-e97d80c45e7b;446d40c8-7048-4240-8892-e2431421e58b;d04791a5-8051-451f-a263-0ee2feb45dbc;18/2/22;17/8/22
3d310879-7f95-4ca2-9b5c-dece4e0c2a92;537d96e7-7b23-4fc3-bf69-bb1303924ccb;4fd0e23f-1fcf-49ce-86bb-addc01bebc78;18/2/22;
57478686-bb48-411e-9f8e-9a075f6fc5ea;0d054e28-89c4-420f-848b-b9821e4cacaa;15c4ccc0-3c0c-416b-8790-70c2dce441a3;19/2/22;
6be19459-468f-4923-a70e-68966d7f6abe;6a6afcd8-92ab-4a81-9c78-8d449985a017;5142862b-bedf-4860-9485-41efe7c49795;20/2/22;19/10/22
28c2cf3c-e753-4f7c-a853-cdc91a51f15c;2742e81c-f207-49e1-a18e-895ff5f415c4;b7cda42d-75ce-4ef7-b76e-bc2f817fee28;20/2/22;
d5e3678e-4b70-47bd-9d0e-0840b1521d57;0d054e28-89c4-420f-848b-b9821e4cacaa;15c4ccc0-3c0c-416b-8790-70c2dce441a3;21/2/22;
fcdb91b6-0481-4626-b046-20781448baee;46766f62-87ba-4879-8148-fbac6eccd3d5;d04791a5-8051-451f-a263-0ee2feb45dbc;23/2/22;
1dee6bc7-4cb5-4deb-bdd8-1b9f7f136b4f;1ea53ba4-9844-4e57-9c0d-01408c05ccd2;85b34e6e-5596-4468-82c7-c509b08bed70;24/2/22;23/11/22
82030dbc-7021-4548-ba5b-eb8202a3adc2;6a6afcd8-92ab-4a81-9c78-8d449985a017;85b34e6e-5596-4468-82c7-c509b08bed70;24/2/22;23/10/22
ffb49c88-9705-4da9-95eb-9b6a27600662;3307ed3b-bda5-4a42-86cb-48479671f7df;85b34e6e-5596-4468-82c7-c509b08bed70;25/2/22;
8f6e7645-98bb-4b35-9c86-3e48c6ae9ca7;9e3dccaf-b483-4cd5-8bc6-f2d9df86c959;5142862b-bedf-4860-9485-41efe7c49795;28/2/22;
9ed1cc2b-7dc2-4f5b-b001-4c9b859fd7ef;904d39fe-4dd1-482b-8c92-4ce549f6e6d4;15c4ccc0-3c0c-416b-8790-70c2dce441a3;1/3/22;
3281b8a8-951b-4ab4-a7bd-f1db565b2050;0525492d-f0fc-4d4f-8861-502b1693420e;85b34e6e-5596-4468-82c7-c509b08bed70;6/3/22;
0038bcd6-7bd0-48f8-b6b6-0e9099d6bb71;8a02cae0-38a5-42ff-9f2c-1e66d18f0b68;4fd0e23f-1fcf-49ce-86bb-addc01bebc78;7/3/22;
1cebdfcb-f00a-4cb5-bd81-97681c8db1f4;52a8211c-93b1-4917-9128-1b5d7859aa3a;4fd0e23f-1fcf-49ce-86bb-addc01bebc78;7/3/22;6/12/22
c458dbd9-f3b8-4d49-a266-8139b40337cf;2742e81c-f207-49e1-a18e-895ff5f415c4;85b34e6e-5596-4468-82c7-c509b08bed70;7/3/22;6/7/22
14b9a506-9259-4289-86dc-bc74020ba889;d685a634-d955-4010-9a05-1208d2ac7c15;31251f65-3ce0-4fab-afa7-3ee4a8de3b50;9/3/22;
dd346e46-9b52-4155-8ec3-e0c49ddff18a;ed0947c6-b84d-451b-a58c-110cd63c925f;4fd0e23f-1fcf-49ce-86bb-addc01bebc78;9/3/22;
a3844366-d600-4817-b994-0c2e186c2d9e;413653d2-36a3-49ae-af2a-ec105702af9e;5142862b-bedf-4860-9485-41efe7c49795;12/3/22;
1acf2f32-56ee-4aff-a585-1e031267d149;2742e81c-f207-49e1-a18e-895ff5f415c4;4fd0e23f-1fcf-49ce-86bb-addc01bebc78;14/3/22;
6630e462-5aa2-404a-aeac-beee11fc0280;77fc1954-18c5-4435-bb45-a158d5ccc1f8;15c4ccc0-3c0c-416b-8790-70c2dce441a3;14/3/22;13/12/22
2239b0a9-5ce8-42e6-b8b5-45643263729c;3949fe14-79d2-41ac-bf11-2765bdc28b60;85b34e6e-5596-4468-82c7-c509b08bed70;16/3/22;
1468a852-4dc7-4409-b3ab-b1263da63394;f884ee36-7897-4f1b-a06c-8b85a1bfb6ed;d04791a5-8051-451f-a263-0ee2feb45dbc;19/3/22;
eef6a804-1366-4ca5-9b6c-2ea5b3109a99;d23b0eb7-f5e3-455d-b2cd-c84c7ffb4418;4fd0e23f-1fcf-49ce-86bb-addc01bebc78;21/3/22;
75bead45-2d9c-481c-a909-a34aadc95244;31d7ce50-7ac6-4aff-8360-5c3d95e886e8;15c4ccc0-3c0c-416b-8790-70c2dce441a3;21/3/22;
243c5064-ff82-486a-9b37-84eb13c0730f;b4d9b6d0-859e-4192-83ff-79624a718768;85b34e6e-5596-4468-82c7-c509b08bed70;21/3/22;20/12/22
ad604ca0-5813-4261-8e3e-f8d6a0b3ac62;d0b12511-7598-4bc6-b191-310c163d0197;31251f65-3ce0-4fab-afa7-3ee4a8de3b50;27/3/22;
7deb702c-03a7-4a11-be63-de237329bdc0;4670f30d-ab03-4854-8a3b-128c2c263d5a;15c4ccc0-3c0c-416b-8790-70c2dce441a3;27/3/22;26/8/22
b8aff690-e0a0-49cf-85c7-1d20434f8c38;0d054e28-89c4-420f-848b-b9821e4cacaa;4fd0e23f-1fcf-49ce-86bb-addc01bebc78;30/3/22;
dd373d4f-9a5c-4763-b866-6bfc82001aca;d620432a-2658-4918-a4b5-a6b327f84866;4fd0e23f-1fcf-49ce-86bb-addc01bebc78;4/4/22;
18170ab3-b794-4d5c-b59c-e85cae721d97;31d7ce50-7ac6-4aff-8360-5c3d95e886e8;584a3ef0-6503-486f-8f3a-62bbcdac3515;5/4/22;
f174fc9c-730b-420d-8428-544e82e5df21;47110700-84ca-47cf-9b3c-e1a2f95b5d3e;d04791a5-8051-451f-a263-0ee2feb45dbc;6/4/22;
8d9a2cbe-cd27-4be8-ad35-f117028650ff;c240f063-26c6-4ff9-8d71-7ad6d410d2cd;d04791a5-8051-451f-a263-0ee2feb45dbc;9/4/22;
374b33ca-abf0-4174-96a0-b66bf4dcddf3;77fc1954-18c5-4435-bb45-a158d5ccc1f8;5142862b-bedf-4860-9485-41efe7c49795;9/4/22;
f28ea539-f655-4032-acf2-dfe046d3dc90;0525492d-f0fc-4d4f-8861-502b1693420e;d04791a5-8051-451f-a263-0ee2feb45dbc;17/4/22;
1d7f37f6-9cfe-4280-a564-1ebf4a333df7;04cf8b07-248b-40b0-93aa-dd558a2d9a5e;d04791a5-8051-451f-a263-0ee2feb45dbc;18/4/22;
80dd1098-b4a2-412d-9fb6-b2a9deafed1d;9b19c0ed-be59-40ba-9f77-666314dd686a;15c4ccc0-3c0c-416b-8790-70c2dce441a3;18/4/22;17/10/22
ee00f1bb-1921-475b-b62a-9f3913864eb2;79a6745d-5b2c-4950-9da0-538d43afed23;1a5b3582-db8e-49c8-b6e8-d82a8eabf321;21/4/22;20/11/22
7f3828a4-087f-41e1-acb0-c44b6e0b43b1;d0b12511-7598-4bc6-b191-310c163d0197;5142862b-bedf-4860-9485-41efe7c49795;25/4/22;
8e8f8fc2-7907-445a-b200-bb87474d9034;073e0359-9126-44e0-aeae-b1a6ddd98c7a;5142862b-bedf-4860-9485-41efe7c49795;25/4/22;
6894ded1-0f28-46d0-8ad2-91380448ef67;31d7ce50-7ac6-4aff-8360-5c3d95e886e8;85b34e6e-5596-4468-82c7-c509b08bed70;26/4/22;
27f9344f-4e23-4332-893d-34c04ead1c57;9ab661ef-2037-46ab-b742-9afb35d1731b;5142862b-bedf-4860-9485-41efe7c49795;1/5/22;
63ea35c4-0e7f-4748-bc6c-22fe7138f8c5;3e02834a-9aa2-4774-bf5d-b052bc055232;85b34e6e-5596-4468-82c7-c509b08bed70;2/5/22;
27517558-b105-4ab8-97f8-5fdde02001fd;2108f7ed-ccd8-44e2-917a-ba6175240bcd;85b34e6e-5596-4468-82c7-c509b08bed70;4/5/22;
42b39038-a076-4e24-af0e-55b97332e7cb;46766f62-87ba-4879-8148-fbac6eccd3d5;5142862b-bedf-4860-9485-41efe7c49795;8/5/22;
6e5d372b-897c-4ed5-9f85-f96969998d96;40ec41ed-d9c1-46dc-bdfa-a4ffba70fa77;85b34e6e-5596-4468-82c7-c509b08bed70;8/5/22;
98703aa7-a825-4757-b582-53d523686bc2;89ef19ca-2553-441d-a60a-4b537471185e;5142862b-bedf-4860-9485-41efe7c49795;8/5/22;
93569c19-b90a-4395-b026-25637e1ffd43;1fff29d7-242c-4d02-a355-71d4a7d52c47;31251f65-3ce0-4fab-afa7-3ee4a8de3b50;11/5/22;
2be613ee-915b-415a-8fd0-0d5e81772d86;b4d9b6d0-859e-4192-83ff-79624a718768;d04791a5-8051-451f-a263-0ee2feb45dbc;15/5/22;14/12/22
afa663bb-526a-46ab-ae54-1e457049064f;ab572443-03a9-45f2-8219-dc45d90a8708;584a3ef0-6503-486f-8f3a-62bbcdac3515;15/5/22;
c9b32374-70cc-4a2e-b2a0-39e11d548b96;2af32fae-4e59-4fe0-a193-c474c3732b2e;5142862b-bedf-4860-9485-41efe7c49795;17/5/22;
6130c80a-62be-49e5-ac02-7ed6a1645692;50f5be89-0f47-456c-8e9e-e8d5e1dc2182;5142862b-bedf-4860-9485-41efe7c49795;19/5/22;
dd26df93-c5ab-4333-80c6-81e45a1087ff;b2767ef9-2eb8-4f85-a532-9dfd9aef0058;b7cda42d-75ce-4ef7-b76e-bc2f817fee28;19/5/22;
2101dbdb-7c21-4be8-8bf3-0c8753aedb3c;d620432a-2658-4918-a4b5-a6b327f84866;a5e247b3-ac28-46e4-b791-a52837a19e1e;20/5/22;
6f0fa592-6fc3-420b-b886-c13586a08502;7a1729a3-f8c0-4524-bb8c-73677ae38650;85b34e6e-5596-4468-82c7-c509b08bed70;21/5/22;
803290cb-4a90-4cae-b844-525448387d29;904d39fe-4dd1-482b-8c92-4ce549f6e6d4;d04791a5-8051-451f-a263-0ee2feb45dbc;22/5/22;
91e19cab-dc03-4c0b-b84e-cd740b6baf75;073e0359-9126-44e0-aeae-b1a6ddd98c7a;5142862b-bedf-4860-9485-41efe7c49795;22/5/22;21/11/22
4bbb2968-0000-4ce8-9eb3-ab47d2d14db3;ed5c9348-e8c7-446f-b243-cd03fbeb5fe6;d04791a5-8051-451f-a263-0ee2feb45dbc;24/5/22;
24c552b7-8c3a-4ec7-80f0-5a97d78cbd24;092f49ce-a457-4a2f-aa13-731e4d2ace7d;5142862b-bedf-4860-9485-41efe7c49795;25/5/22;
6204285f-c11b-4fc1-a59d-1581313f3078;8aa2f276-dd65-41cb-ac69-8df20afac7e3;85b34e6e-5596-4468-82c7-c509b08bed70;28/5/22;
3cda0721-30ec-44a5-bafb-161c46ebcb2f;de4777da-926c-4785-8b93-f95f22c044c8;5142862b-bedf-4860-9485-41efe7c49795;28/5/22;27/12/22
57f273c7-9bbc-4e96-a9e3-5ad523a034fd;77fc1954-18c5-4435-bb45-a158d5ccc1f8;d04791a5-8051-451f-a263-0ee2feb45dbc;29/5/22;
babc8449-7b07-4eeb-a030-1605644469be;00ea56cb-aa92-4198-b132-d173191a2cf2;85b34e6e-5596-4468-82c7-c509b08bed70;30/5/22;
40f94f96-10bf-4f89-ad3f-4b01d45487a8;ab572443-03a9-45f2-8219-dc45d90a8708;d04791a5-8051-451f-a263-0ee2feb45dbc;31/5/22;30/9/22
778fc4d1-86be-4386-9ed4-aa97d0c2e4af;ed0947c6-b84d-451b-a58c-110cd63c925f;b7cda42d-75ce-4ef7-b76e-bc2f817fee28;2/6/22;
fc2f77a2-7437-442b-bf6e-67d0b9699d27;156b7f4f-c90c-4973-9714-7d160e28444c;5142862b-bedf-4860-9485-41efe7c49795;6/6/22;
ed1a1deb-3347-48bc-ae9e-628dc11cb218;35a8ba23-0b94-4e5d-a268-04fbd25ec698;d04791a5-8051-451f-a263-0ee2feb45dbc;6/6/22;
ce4f07ac-dfb7-4f69-a53a-c991122856fe;d151dcff-b3f4-449e-b3be-f67f002b13f1;d04791a5-8051-451f-a263-0ee2feb45dbc;6/6/22;
848f0db7-d43b-4123-b3d2-14bd0b110980;537d96e7-7b23-4fc3-bf69-bb1303924ccb;a5e247b3-ac28-46e4-b791-a52837a19e1e;11/6/22;
0a72fb6d-dad0-4557-b76a-e14def3585df;a18b4bae-9a41-4e12-a9f8-968534a834a0;d04791a5-8051-451f-a263-0ee2feb45dbc;11/6/22;
183ec54d-36d3-4a52-83b8-6dcfab344617;1ea53ba4-9844-4e57-9c0d-01408c05ccd2;a5e247b3-ac28-46e4-b791-a52837a19e1e;12/6/22;11/11/22
8956218d-aa3a-4042-86de-f773d7837619;d151dcff-b3f4-449e-b3be-f67f002b13f1;d04791a5-8051-451f-a263-0ee2feb45dbc;16/6/22;
2741d737-72c8-445a-8aa3-b493969c6330;460276b6-03e0-4965-9993-922e66659a7c;85b34e6e-5596-4468-82c7-c509b08bed70;16/6/22;
d406424a-d2d2-458f-9e6b-6e6d6f5ec68b;2ddfb92b-93a4-45e5-b99c-cfafd825087d;85b34e6e-5596-4468-82c7-c509b08bed70;16/6/22;
2bcc2cf7-3d28-4766-8099-105aa87aa08b;073e0359-9126-44e0-aeae-b1a6ddd98c7a;584a3ef0-6503-486f-8f3a-62bbcdac3515;17/6/22;
ad5dc15d-e00b-4406-9221-eaf5a68f34a5;9fb5f343-f2a8-4371-a151-abb41343ed60;a5e247b3-ac28-46e4-b791-a52837a19e1e;17/6/22;16/10/22
7672e544-0580-494b-8fc9-4bb081a74959;d685a634-d955-4010-9a05-1208d2ac7c15;1a5b3582-db8e-49c8-b6e8-d82a8eabf321;20/6/22;
a2ace9d7-f20b-45e6-ac60-86c01e9821c7;cb57ea43-4c86-4666-9526-3a988de5e803;5142862b-bedf-4860-9485-41efe7c49795;20/6/22;
92abc16c-62d6-4834-9f53-5b4afcfe0bb1;0525492d-f0fc-4d4f-8861-502b1693420e;15c4ccc0-3c0c-416b-8790-70c2dce441a3;24/6/22;
807c9a08-3cab-4f1e-9fb1-99cb308c0b5f;97930b51-43ed-4f9c-9c00-50649f291fd0;5142862b-bedf-4860-9485-41efe7c49795;26/6/22;
2c0521db-5f96-4f96-a36e-8fedbd77da96;97930b51-43ed-4f9c-9c00-50649f291fd0;85b34e6e-5596-4468-82c7-c509b08bed70;26/6/22;
f8dabca5-dd1d-4893-8ebe-c1081bd7d4c7;1ea53ba4-9844-4e57-9c0d-01408c05ccd2;d04791a5-8051-451f-a263-0ee2feb45dbc;27/6/22;
88fd39e0-d971-4e3f-bf8a-217f1c36c5b3;ed0947c6-b84d-451b-a58c-110cd63c925f;5142862b-bedf-4860-9485-41efe7c49795;27/6/22;
d01a5c45-d207-4f31-a253-20ed0e7360c5;2ddfb92b-93a4-45e5-b99c-cfafd825087d;85b34e6e-5596-4468-82c7-c509b08bed70;28/6/22;
250eacc8-e2c6-434c-a42b-e8e40c364856;446d40c8-7048-4240-8892-e2431421e58b;4fd0e23f-1fcf-49ce-86bb-addc01bebc78;2/7/22;
c8a00c67-0908-429e-a472-0d63d8eb0c4b;ab572443-03a9-45f2-8219-dc45d90a8708;4fd0e23f-1fcf-49ce-86bb-addc01bebc78;3/7/22;
5efd31f5-488c-4b02-8452-b9c5cc6055bc;2ddfb92b-93a4-45e5-b99c-cfafd825087d;d04791a5-8051-451f-a263-0ee2feb45dbc;3/7/22;
45e7f5b9-34c0-4c0c-9dc6-35a9e9ac29a9;413653d2-36a3-49ae-af2a-ec105702af9e;85b34e6e-5596-4468-82c7-c509b08bed70;8/7/22;
b64d87d4-e208-49ba-844e-a7e0a23621c7;46766f62-87ba-4879-8148-fbac6eccd3d5;4fd0e23f-1fcf-49ce-86bb-addc01bebc78;9/7/22;
f1241889-9a9a-4fac-9f37-7ada3dd0ffb9;ddf65c4c-3d6c-463a-857d-b906db438b01;5142862b-bedf-4860-9485-41efe7c49795;9/7/22;
ee22c029-f79a-49e3-92b5-bd47e1498907;3b297f49-c31b-4fab-80f3-d0ae6f488353;31251f65-3ce0-4fab-afa7-3ee4a8de3b50;9/7/22;
3cbebb7e-7257-4af6-8907-2bfc5886601c;3e02834a-9aa2-4774-bf5d-b052bc055232;85b34e6e-5596-4468-82c7-c509b08bed70;10/7/22;
cc374c2c-2c0f-4a3b-9650-2add75b3739a;a3e68c16-71ab-4aa2-9746-bb25f194950e;85b34e6e-5596-4468-82c7-c509b08bed70;11/7/22;
4b2ee13b-6a2b-4231-8eb6-3677af14902c;46766f62-87ba-4879-8148-fbac6eccd3d5;d04791a5-8051-451f-a263-0ee2feb45dbc;11/7/22;
adaad990-e865-48e1-9bf4-661e1c6b1836;092f49ce-a457-4a2f-aa13-731e4d2ace7d;d04791a5-8051-451f-a263-0ee2feb45dbc;13/7/22;
37832adb-bfbf-4d09-899f-14e93ac2809a;3307ed3b-bda5-4a42-86cb-48479671f7df;a5e247b3-ac28-46e4-b791-a52837a19e1e;14/7/22;
4d4183d5-4a9a-408b-b885-a434e9004b5f;ddf65c4c-3d6c-463a-857d-b906db438b01;31251f65-3ce0-4fab-afa7-3ee4a8de3b50;15/7/22;
0941099e-df9e-4a9b-8c04-2f2a410a6211;bdc3cc1c-d506-4790-a9ae-ba7ba3bc5d32;4fd0e23f-1fcf-49ce-86bb-addc01bebc78;16/7/22;
649d1fb4-51f8-451d-b31f-7cf6028fdcf5;89ef19ca-2553-441d-a60a-4b537471185e;85b34e6e-5596-4468-82c7-c509b08bed70;21/7/22;
9ffdf6a2-49de-4fa9-b9fd-b39e855f1d6c;39813d89-b0d1-4712-9b39-84ff1e72cdf2;d04791a5-8051-451f-a263-0ee2feb45dbc;24/7/22;
9e9786de-db72-4381-a40c-a49ba6804f13;35a8ba23-0b94-4e5d-a268-04fbd25ec698;4fd0e23f-1fcf-49ce-86bb-addc01bebc78;28/7/22;
5f608ca1-c90b-4910-b015-d43d1af282d1;b5f278ea-1298-43ff-b901-8c7695c6b55d;d04791a5-8051-451f-a263-0ee2feb45dbc;29/7/22;
0f3c9270-473c-494c-ab3b-31bcedaff0cc;8eaa6f66-21cf-4f89-8571-cfcd5b0447ca;d04791a5-8051-451f-a263-0ee2feb45dbc;29/7/22;
8d3a6213-cdc1-4b67-983f-36aea3168b0f;ab572443-03a9-45f2-8219-dc45d90a8708;85b34e6e-5596-4468-82c7-c509b08bed70;30/7/22;
0e431fd9-a1e1-42a1-bf59-3703ac6edd85;31d7ce50-7ac6-4aff-8360-5c3d95e886e8;85b34e6e-5596-4468-82c7-c509b08bed70;30/7/22;
6f0417b2-7139-4752-a522-dc5afffa6372;2590673c-ea13-4fc6-a880-d2d2253c8715;a5e247b3-ac28-46e4-b791-a52837a19e1e;1/8/22;
fc6363b2-08d5-4098-989a-c4bf59c3af2d;52a8211c-93b1-4917-9128-1b5d7859aa3a;85b34e6e-5596-4468-82c7-c509b08bed70;1/8/22;
9759d322-42bd-4f12-8375-09cd525d8f32;0c117da0-2dd5-4d54-8221-42e730177ad1;85b34e6e-5596-4468-82c7-c509b08bed70;1/8/22;
1e78d7a5-9b33-4998-be51-f11a5c4ea836;8aa2f276-dd65-41cb-ac69-8df20afac7e3;d04791a5-8051-451f-a263-0ee2feb45dbc;2/8/22;
cf292cbd-03c2-4d0c-a43e-59168d4b53f5;d23b0eb7-f5e3-455d-b2cd-c84c7ffb4418;5142862b-bedf-4860-9485-41efe7c49795;3/8/22;
60c926a6-ced9-4010-a7f3-4c3dde3f0fcb;d23b0eb7-f5e3-455d-b2cd-c84c7ffb4418;b7cda42d-75ce-4ef7-b76e-bc2f817fee28;6/8/22;
e607905d-19cb-4d7f-a4e6-dbe3c0d51128;ea70ce2e-8be2-4533-8d01-081c5e7521ca;85b34e6e-5596-4468-82c7-c509b08bed70;8/8/22;
5842d73e-e0bb-4b18-94b7-c2f72f575e1b;ab572443-03a9-45f2-8219-dc45d90a8708;d04791a5-8051-451f-a263-0ee2feb45dbc;8/8/22;
06e69c41-1706-41e2-8e16-80e8dcd11371;460276b6-03e0-4965-9993-922e66659a7c;31251f65-3ce0-4fab-afa7-3ee4a8de3b50;8/8/22;
39e789d1-f813-42ad-ae31-f36cd7da1234;f8e1db2a-bffc-4499-857e-0457062a4f0e;85b34e6e-5596-4468-82c7-c509b08bed70;10/8/22;
6a7896b5-d5a8-443f-9b0a-a506c7263580;092f49ce-a457-4a2f-aa13-731e4d2ace7d;85b34e6e-5596-4468-82c7-c509b08bed70;15/8/22;
bda0e075-ecef-43d4-8215-be39db0e6a82;d0b12511-7598-4bc6-b191-310c163d0197;b7cda42d-75ce-4ef7-b76e-bc2f817fee28;15/8/22;
6e700cc9-4ce4-46f8-8213-cc6edd2212bd;40ec41ed-d9c1-46dc-bdfa-a4ffba70fa77;5142862b-bedf-4860-9485-41efe7c49795;16/8/22;
e5d7a8fc-af8a-400f-a1da-641996c94eed;04cf8b07-248b-40b0-93aa-dd558a2d9a5e;5142862b-bedf-4860-9485-41efe7c49795;20/8/22;
2e22b61a-7e45-4950-bbcc-a420c2036d19;47110700-84ca-47cf-9b3c-e1a2f95b5d3e;85b34e6e-5596-4468-82c7-c509b08bed70;20/8/22;
9e814fec-4533-4c48-8db9-97a2f9a2f598;0fd6ef07-cd52-4881-b3f8-91e01d4b2726;5142862b-bedf-4860-9485-41efe7c49795;21/8/22;
cddf9f02-b711-40b9-acb9-0901e3ce3df4;4bee4905-d96b-4378-a694-876ccfd7ebfd;15c4ccc0-3c0c-416b-8790-70c2dce441a3;21/8/22;
564b6c38-80a0-4863-83bb-51d4e30bad03;de3c2233-754e-4a53-afff-70f06f44c79f;5142862b-bedf-4860-9485-41efe7c49795;22/8/22;
adf0cce4-6759-4c7c-8198-173cbaad017c;9ab661ef-2037-46ab-b742-9afb35d1731b;31251f65-3ce0-4fab-afa7-3ee4a8de3b50;23/8/22;
0fb1605a-370d-4d9f-8a83-4cfce1a23d59;e3312588-af23-472c-bc32-915770bc938e;d04791a5-8051-451f-a263-0ee2feb45dbc;23/8/22;
525ace8c-bdbf-49d0-b6cf-ee1d68f244d9;cb57ea43-4c86-4666-9526-3a988de5e803;4fd0e23f-1fcf-49ce-86bb-addc01bebc78;24/8/22;
13f9ffc1-a9cd-4fda-acec-6bb1243e2c31;a8143db0-8332-4ef5-8127-eb1bdfd50bdf;85b34e6e-5596-4468-82c7-c509b08bed70;24/8/22;
2adbe182-bc90-4dd1-aa9e-57a578eed826;3307ed3b-bda5-4a42-86cb-48479671f7df;4fd0e23f-1fcf-49ce-86bb-addc01bebc78;29/8/22;
86ea4195-a160-43b0-8d83-f4d96a7167ff;9b19c0ed-be59-40ba-9f77-666314dd686a;1a5b3582-db8e-49c8-b6e8-d82a8eabf321;29/8/22;
5679d6cc-d9b2-4add-ba45-761ab2ed899f;3949fe14-79d2-41ac-bf11-2765bdc28b60;31251f65-3ce0-4fab-afa7-3ee4a8de3b50;29/8/22;
6dcab3e5-0b2a-402c-9330-cf40e231b2a2;092f49ce-a457-4a2f-aa13-731e4d2ace7d;4fd0e23f-1fcf-49ce-86bb-addc01bebc78;30/8/22;
62653e70-26dc-4cf5-a71c-386097db4c9a;2af32fae-4e59-4fe0-a193-c474c3732b2e;31251f65-3ce0-4fab-afa7-3ee4a8de3b50;31/8/22;
9eb21525-566b-4629-b41e-69fd706d2b82;5ca323a8-9b42-4858-b5e7-284695904824;31251f65-3ce0-4fab-afa7-3ee4a8de3b50;1/9/22;
7c072457-0f41-42e4-8fe3-42b4a9fffab8;a79757fe-fd46-4602-9d7b-f937450c1b31;5142862b-bedf-4860-9485-41efe7c49795;2/9/22;
012bc4f4-5fca-4b09-947b-3ea903091388;782cffae-72d1-4cad-8fba-b4ec126f7eb7;1a5b3582-db8e-49c8-b6e8-d82a8eabf321;4/9/22;
922a553c-84b6-4e43-982a-a6d456926611;746590c1-918a-4040-8a4e-ebe1fc472d7d;31251f65-3ce0-4fab-afa7-3ee4a8de3b50;7/9/22;
5d5b30b2-3446-4caa-8f9a-0a17b2e988d1;092f49ce-a457-4a2f-aa13-731e4d2ace7d;85b34e6e-5596-4468-82c7-c509b08bed70;8/9/22;
5d96139e-3e3e-4114-b9dc-cf189a076a86;a8143db0-8332-4ef5-8127-eb1bdfd50bdf;5142862b-bedf-4860-9485-41efe7c49795;10/9/22;
d992ff63-c5c2-4613-a687-9040614aacd6;9e3dccaf-b483-4cd5-8bc6-f2d9df86c959;4fd0e23f-1fcf-49ce-86bb-addc01bebc78;12/9/22;
b93efa59-f629-48df-9f9a-60217298daad;ddf65c4c-3d6c-463a-857d-b906db438b01;15c4ccc0-3c0c-416b-8790-70c2dce441a3;15/9/22;
f957f87b-cd34-4181-b703-0917d1e25232;413653d2-36a3-49ae-af2a-ec105702af9e;85b34e6e-5596-4468-82c7-c509b08bed70;16/9/22;
5c0b2f4e-969c-4f1c-bdd0-9f4398ab5a92;413653d2-36a3-49ae-af2a-ec105702af9e;4fd0e23f-1fcf-49ce-86bb-addc01bebc78;17/9/22;
d3d5875f-e252-4c59-ba97-90daca0e9d9e;b07842b0-e77d-4273-9258-4b9b6f084713;85b34e6e-5596-4468-82c7-c509b08bed70;20/9/22;
ddfaf154-9733-449e-b813-848f0cf79a72;f884ee36-7897-4f1b-a06c-8b85a1bfb6ed;1a5b3582-db8e-49c8-b6e8-d82a8eabf321;21/9/22;
8b374b1f-1bc1-400b-8ecd-bf16539e0089;0fd6ef07-cd52-4881-b3f8-91e01d4b2726;1a5b3582-db8e-49c8-b6e8-d82a8eabf321;24/9/22;
35a40528-f80c-4748-8dd2-2aec2ebdd837;d151dcff-b3f4-449e-b3be-f67f002b13f1;b7cda42d-75ce-4ef7-b76e-bc2f817fee28;28/9/22;
c85df0b5-130d-4440-b9a3-132d189289b8;f884ee36-7897-4f1b-a06c-8b85a1bfb6ed;85b34e6e-5596-4468-82c7-c509b08bed70;1/10/22;
f4d64270-4b71-4e83-8de7-b0fe6dee1a7b;94cf669f-167c-443d-8c10-a2065d921de8;4fd0e23f-1fcf-49ce-86bb-addc01bebc78;1/10/22;
7efcc247-a7bc-4070-9eb0-5cdb5f844281;ea70ce2e-8be2-4533-8d01-081c5e7521ca;b7cda42d-75ce-4ef7-b76e-bc2f817fee28;3/10/22;
63d7724f-2251-4752-88a5-a001b7aa998d;39813d89-b0d1-4712-9b39-84ff1e72cdf2;85b34e6e-5596-4468-82c7-c509b08bed70;6/10/22;
428c4a9d-ba28-48f9-a600-b42e61f066b2;47110700-84ca-47cf-9b3c-e1a2f95b5d3e;5142862b-bedf-4860-9485-41efe7c49795;9/10/22;
8285f580-31b9-40a2-b219-46060288110e;c240f063-26c6-4ff9-8d71-7ad6d410d2cd;85b34e6e-5596-4468-82c7-c509b08bed70;11/10/22;
a22a8dbd-f4e9-4b44-a133-d5aec405a077;b50c1a3d-6d42-47ae-b6b7-351764164a00;d04791a5-8051-451f-a263-0ee2feb45dbc;12/10/22;
add6356a-e397-4711-914e-d10b67c851ac;156b7f4f-c90c-4973-9714-7d160e28444c;d04791a5-8051-451f-a263-0ee2feb45dbc;14/10/22;
566b4aeb-907d-4b05-9593-23dc0265c34f;a8143db0-8332-4ef5-8127-eb1bdfd50bdf;5142862b-bedf-4860-9485-41efe7c49795;14/10/22;
8ff2608d-0988-4656-b11b-00eee71812cf;35a8ba23-0b94-4e5d-a268-04fbd25ec698;85b34e6e-5596-4468-82c7-c509b08bed70;15/10/22;
c25e4c04-5950-451d-9a16-e6724eb56993;d620432a-2658-4918-a4b5-a6b327f84866;85b34e6e-5596-4468-82c7-c509b08bed70;17/10/22;
968d81a3-186a-4718-b758-347be54f15b3;904d39fe-4dd1-482b-8c92-4ce549f6e6d4;d04791a5-8051-451f-a263-0ee2feb45dbc;20/10/22;
a2b166dc-477f-4bb4-8324-bed25582ed66;b5f278ea-1298-43ff-b901-8c7695c6b55d;85b34e6e-5596-4468-82c7-c509b08bed70;20/10/22;
116d94ee-826b-42c3-9af0-f381612421c1;46766f62-87ba-4879-8148-fbac6eccd3d5;4fd0e23f-1fcf-49ce-86bb-addc01bebc78;20/10/22;
8d0ef9ed-e90d-4e9e-b4aa-56a2521ff97d;c240f063-26c6-4ff9-8d71-7ad6d410d2cd;4fd0e23f-1fcf-49ce-86bb-addc01bebc78;22/10/22;
5f6a11e6-3ad0-40a7-8c98-7918c6298750;ab572443-03a9-45f2-8219-dc45d90a8708;d04791a5-8051-451f-a263-0ee2feb45dbc;27/10/22;
4b420c13-7145-44b1-af7d-31ce2d5fb1d2;9e3dccaf-b483-4cd5-8bc6-f2d9df86c959;4fd0e23f-1fcf-49ce-86bb-addc01bebc78;2/11/22;
c98cf935-eed0-4838-97f7-ae0eb2828b10;c555ac89-3860-46ed-af99-c8721488573c;d04791a5-8051-451f-a263-0ee2feb45dbc;4/11/22;
030bfbbe-4927-41f3-8af7-c0d5b68ddeb5;56147622-3fb0-4295-8927-293e5b63a3b1;85b34e6e-5596-4468-82c7-c509b08bed70;4/11/22;
f6470826-b90f-4a60-9f20-55945e77c65d;d0b12511-7598-4bc6-b191-310c163d0197;d04791a5-8051-451f-a263-0ee2feb45dbc;7/11/22;
ccf73b28-a768-4f5c-bfe6-9e77c6912693;c76d3780-f40d-4cb1-87f1-a1ff8226f6d4;31251f65-3ce0-4fab-afa7-3ee4a8de3b50;10/11/22;
577cef9a-dd4c-44fb-992c-85c16d53c810;56147622-3fb0-4295-8927-293e5b63a3b1;31251f65-3ce0-4fab-afa7-3ee4a8de3b50;11/11/22;
538199ca-8291-4369-b6cf-468a48a19730;b07842b0-e77d-4273-9258-4b9b6f084713;d04791a5-8051-451f-a263-0ee2feb45dbc;12/11/22;
9d9e5eb9-926f-428c-bf0c-2e12fe2e8360;9fb5f343-f2a8-4371-a151-abb41343ed60;d04791a5-8051-451f-a263-0ee2feb45dbc;17/11/22;
83655033-f76f-46e6-a815-8ab100bdd6eb;d685a634-d955-4010-9a05-1208d2ac7c15;d04791a5-8051-451f-a263-0ee2feb45dbc;23/11/22;
e81af5f8-23d0-4f03-864d-cbf52b9cfa7c;35a8ba23-0b94-4e5d-a268-04fbd25ec698;5142862b-bedf-4860-9485-41efe7c49795;24/11/22;
614fb9ce-e17a-4323-84a2-1a2865880b8f;446d40c8-7048-4240-8892-e2431421e58b;584a3ef0-6503-486f-8f3a-62bbcdac3515;24/11/22;
1451eba2-7fb2-41e5-afe3-b61e41352c58;b50c1a3d-6d42-47ae-b6b7-351764164a00;15c4ccc0-3c0c-416b-8790-70c2dce441a3;24/11/22;
e18ac68a-9c49-4683-9ae9-e48a35e22829;31d7ce50-7ac6-4aff-8360-5c3d95e886e8;85b34e6e-5596-4468-82c7-c509b08bed70;1/12/22;
869714de-c2bd-4218-8278-a900d626fd9f;ea70ce2e-8be2-4533-8d01-081c5e7521ca;85b34e6e-5596-4468-82c7-c509b08bed70;3/12/22;
2d3f58ce-568a-45e0-910a-bc96fbe7c039;346e0c0c-3fc1-45ec-a781-f220ed1ef402;d04791a5-8051-451f-a263-0ee2feb45dbc;3/12/22;
623662e6-8c3e-407f-b5a1-e632fd9af2bd;d620432a-2658-4918-a4b5-a6b327f84866;d04791a5-8051-451f-a263-0ee2feb45dbc;4/12/22;
1ced4b62-4c6a-46ef-aff2-e5a51a053d8b;46766f62-87ba-4879-8148-fbac6eccd3d5;5142862b-bedf-4860-9485-41efe7c49795;6/12/22;
a8ba381f-6ff6-4bf6-91de-47179a75f9a9;c76d3780-f40d-4cb1-87f1-a1ff8226f6d4;d04791a5-8051-451f-a263-0ee2feb45dbc;7/12/22;
5ffa9ad1-9385-444d-9c40-79442a23d92e;446d40c8-7048-4240-8892-e2431421e58b;4fd0e23f-1fcf-49ce-86bb-addc01bebc78;7/12/22;
79d73243-dfa8-4986-8ba0-fdb158c3f7da;0fbf0b54-f257-4398-b245-946f3edd4fcc;4fd0e23f-1fcf-49ce-86bb-addc01bebc78;10/12/22;
297a5198-f6e3-4702-8669-38832d30ca02;b50c1a3d-6d42-47ae-b6b7-351764164a00;1a5b3582-db8e-49c8-b6e8-d82a8eabf321;12/12/22;
a6e1e91a-aacf-48d0-87f9-4a01d47802ba;c240f063-26c6-4ff9-8d71-7ad6d410d2cd;d04791a5-8051-451f-a263-0ee2feb45dbc;13/12/22;
9863af5b-5934-499e-8cb3-f4b256b6834b;9ab661ef-2037-46ab-b742-9afb35d1731b;a5e247b3-ac28-46e4-b791-a52837a19e1e;14/12/22;
a359623c-0a28-4229-b826-44315fa15d4c;d151dcff-b3f4-449e-b3be-f67f002b13f1;5142862b-bedf-4860-9485-41efe7c49795;15/12/22;
e08bbc07-2e55-4c7a-957f-1d33daf540fa;04cf8b07-248b-40b0-93aa-dd558a2d9a5e;4fd0e23f-1fcf-49ce-86bb-addc01bebc78;17/12/22;
0c5d16dc-1a95-4521-b3ef-dc8921cb25e2;9e3dccaf-b483-4cd5-8bc6-f2d9df86c959;d04791a5-8051-451f-a263-0ee2feb45dbc;22/12/22;
885a2772-185a-4d32-b818-dc188e1db8a2;23252595-1c40-4c3d-8f43-be76abf4588c;85b34e6e-5596-4468-82c7-c509b08bed70;23/12/22;
f6bc8a91-f38c-406f-b3ad-54d4902be5ed;97930b51-43ed-4f9c-9c00-50649f291fd0;15c4ccc0-3c0c-416b-8790-70c2dce441a3;25/12/22;
3b7ec103-f052-42e4-a762-572bf5932813;2742e81c-f207-49e1-a18e-895ff5f415c4;d04791a5-8051-451f-a263-0ee2feb45dbc;27/12/22;
c68ac1ca-032e-491c-a064-69e172fa3617;3b297f49-c31b-4fab-80f3-d0ae6f488353;15c4ccc0-3c0c-416b-8790-70c2dce441a3;27/12/22;
b027869f-4f45-4d5c-8773-1db808f2d98f;2590673c-ea13-4fc6-a880-d2d2253c8715;85b34e6e-5596-4468-82c7-c509b08bed70;28/12/22;
eafbc0f1-5a5a-44dd-919a-b48bb12ee138;1fff29d7-242c-4d02-a355-71d4a7d52c47;4fd0e23f-1fcf-49ce-86bb-addc01bebc78;29/12/22;
cb5be8f8-f723-4dbf-823c-a06fdabb819a;5ca323a8-9b42-4858-b5e7-284695904824;b7cda42d-75ce-4ef7-b76e-bc2f817fee28;29/12/22;
0c438e36-2342-4953-b7b5-13305c08962a;ea70ce2e-8be2-4533-8d01-081c5e7521ca;a5e247b3-ac28-46e4-b791-a52837a19e1e;29/12/22;
33cb021f-46ac-442a-ad38-9d8b1d4918c4;52a8211c-93b1-4917-9128-1b5d7859aa3a;d04791a5-8051-451f-a263-0ee2feb45dbc;30/12/22;